{
 "L10_antonyms_binary": {
  "single": 0.7979716340700785,
  "senses": 0.8109189391136169,
  "cloud": 0.5809596423308055,
  "randpart": 0.8037097883224487
 },
 "L09_antonyms_gradable": {
  "single": 0.7517148494720459,
  "senses": 0.767653739452362,
  "cloud": 0.5874064699808756,
  "randpart": 0.7598383871714274
 },
 "L08_synonyms_exact": {
  "single": 0.790102461973826,
  "senses": 0.8150342663129171,
  "cloud": 0.6282431276639302,
  "randpart": 0.799983631769816
 },
 "L07_synonyms_intensity": {
  "single": 0.7345711906750997,
  "senses": 0.7823060949643453,
  "cloud": 0.6059134368101755,
  "randpart": 0.745600475470225
 },
 "L01_hypernyms_animals": {
  "single": 0.7585437417030334,
  "senses": 0.770878799756368,
  "cloud": 0.653939600388209,
  "randpart": 0.7662332820892335
 },
 "L02_hypernyms_misc": {
  "single": 0.7386042237281799,
  "senses": 0.7722754836082458,
  "cloud": 0.6225215236345927,
  "randpart": 0.7513650012016295
 },
 "I01_noun_plural_reg": {
  "single": 0.9308521191279093,
  "senses": 0.9325108130772909,
  "cloud": 0.7194357681274415,
  "randpart": 0.9335674651463826
 },
 "I06_verb_inf_Ving": {
  "single": 0.949319577217102,
  "senses": 0.9511890808741251,
  "cloud": 0.6967822245756785,
  "randpart": 0.9487272008260093
 },
 "E01_country_capital": {
  "single": 0.8732627987861633,
  "senses": 0.8820934375127156,
  "cloud": 0.7561694359779357,
  "randpart": 0.8789999238650005
 },
 "E10_male_female": {
  "single": 0.7860749522844951,
  "senses": 0.8051416913668314,
  "cloud": 0.6770932996273041,
  "randpart": 0.7929957930246989
 }
}