{
 "frozen prior": {
  "mean_un": 10.0,
  "mean_am": 15.727272727272727,
  "top1": 0,
  "n": 12
 },
 "free-word": {
  "mean_un": 13.0,
  "mean_am": 19.727272727272727,
  "top1": 0,
  "n": 12
 }
}