{
 "word": {
  "bpc": 1.1991760173640096,
  "n": 250,
  "acc": 0.0,
  "mrr": 0.04761904761904762,
  "expressible": 0.0
 },
 "bpe": {
  "bpc": 1.198264697401363,
  "n": 250,
  "acc": 0.0,
  "mrr": 0.04761904761904762,
  "expressible": 0.0
 },
 "lexeme": {
  "bpc": 1.3309502994221964,
  "n": 250,
  "acc": 0.0,
  "mrr": 0.0480733868986191,
  "expressible": 1.0,
  "root_rank_median": 656.0,
  "root_top1": 0.0,
  "root_top10": 0.0
 }
}