{
 "word": {
  "bpc": 1.2037960980270836,
  "acc": 0.0033333333333333335,
  "mrr": 0.04258276113590249,
  "nll": 8.568025081952413,
  "n": 300
 },
 "bpe": {
  "bpc": 1.20718404574478,
  "acc": 0.07,
  "mrr": 0.23329208787142222,
  "nll": 5.268019305467606,
  "n": 300
 },
 "lexeme": {
  "bpc": 1.0954459741695286,
  "acc": 0.0,
  "mrr": 0.026911491518876254,
  "nll": 13.506788300819608,
  "n": 300
 }
}