{
 "L6_d384": {
  "word": 1.16032414436242,
  "lexeme (postfix)": 1.061902129266148
 },
 "L4_d256": {
  "word": 1.2721061243683316,
  "lexeme (postfix)": 1.323993577586903
 },
 "L3_d192": {
  "word": 1.3249482950719558,
  "lexeme (postfix)": 1.4424886916000141
 },
 "L2_d128": {
  "word": 1.4143235169558817,
  "lexeme (postfix)": 1.5363240079295581
 },
 "L1_d96": {
  "word": 1.5269526694187303,
  "lexeme (postfix)": 1.6232762384956037
 }
}