{
 "bpe": [
  3.3598750799541417,
  3.385418023420458,
  3.3873802818957945
 ],
 "free": [
  3.145353486315233,
  3.1867090040043236,
  3.1625424663581834
 ],
 "affine": [
  2.9777883185174656,
  2.9307704690017395,
  2.939109808875731
 ],
 "shufroot": [
  2.9205548491115505,
  2.9305850350439195,
  2.961567627370446
 ]
}