{
 "bpe": [
  3.076086743684316,
  2.9997547334006214,
  3.0345215142031
 ],
 "free": [
  2.8044626873527774,
  2.8343920124057873,
  2.7719636811241384
 ],
 "affine": [
  2.643308077514801,
  2.609194718821293,
  2.591658324737991
 ],
 "shufroot": [
  2.654244957964673,
  2.638140256906069,
  2.602759193783584
 ]
}