{
 "bpe": [
  3.404521018165529,
  3.337843144727835,
  3.394146684688292
 ],
 "free": [
  3.7249521525606504,
  3.649786852715707,
  3.4148572008140543
 ],
 "affine": [
  3.3487595860275836,
  3.3640779970773793,
  3.390476725028304
 ],
 "shufroot": [
  3.3412415443573393,
  3.409573692435213,
  3.367966274271066
 ]
}