{
 "bpe": [
  5.331012609419617,
  5.325171424874284,
  5.297396270032321
 ],
 "free": [
  5.6094771836745405,
  5.971552018381626,
  5.587652075244709
 ],
 "affine": [
  5.219453087236963,
  5.406582233863336,
  5.286994887787274
 ],
 "shufroot": [
  5.226262341230824,
  5.372131518169159,
  5.3629550796730365
 ]
}