{
 "bpe": [
  4.062916442954352,
  3.88392014422191,
  4.021014031332885
 ],
 "free": [
  4.165715969093001,
  4.159114376816841,
  4.107929428902835
 ],
 "affine": [
  3.7616206523422484,
  3.804055794439872,
  3.789000413016618
 ],
 "shufroot": [
  3.8399092994099875,
  3.8196386429975067,
  3.8273076771167096
 ]
}