{
 "10000_bpe": {
  "bpc": [
   1.9562078982756397,
   1.9548978909323276
  ],
  "step": [
   5500,
   4250
  ]
 },
 "10000_lex-v6": {
  "bpc": [
   1.837735349754794,
   1.8095322578020647
  ],
  "step": [
   4500,
   4750
  ]
 },
 "10000_lex-v3": {
  "bpc": [
   1.8282549017912784,
   1.8265222537116976
  ],
  "step": [
   5250,
   4750
  ]
 },
 "40000_bpe": {
  "bpc": [
   1.5305920609406494,
   1.5419662850190183
  ],
  "step": [
   12000,
   12000
  ]
 },
 "40000_lex-v6": {
  "bpc": [
   1.490342857427356,
   1.500131606854812
  ],
  "step": [
   12000,
   11500
  ]
 },
 "40000_lex-v3": {
  "bpc": [
   1.5002912382209292,
   1.5151944072896013
  ],
  "step": [
   11750,
   12000
  ]
 },
 "160000_bpe": {
  "bpc": [
   1.4775644810678645,
   1.482598961986594
  ],
  "step": [
   12000,
   11750
  ]
 },
 "160000_lex-v6": {
  "bpc": [
   1.4277916453363806,
   1.4292949161852706
  ],
  "step": [
   12000,
   12000
  ]
 },
 "160000_lex-v3": {
  "bpc": [
   1.4301720467774353,
   1.4353778990793946
  ],
  "step": [
   12000,
   12000
  ]
 }
}