{
 "10000_bpe": {
  "bpc": [
   1.9562078982756397,
   1.9548978909323276
  ],
  "step": [
   5500,
   4250
  ]
 },
 "10000_lex-v6": {
  "bpc": [
   1.837735349754794,
   1.8095322578020647
  ],
  "step": [
   4500,
   4750
  ]
 },
 "10000_lex-v3": {
  "bpc": [
   1.8282549017912784,
   1.8265222537116976
  ],
  "step": [
   5250,
   4750
  ]
 }
}