{
 "10000_bpe": {
  "bpc": [
   1.9614217175458672,
   1.9547371527523214
  ],
  "step": [
   4750,
   4250
  ]
 },
 "10000_lex-v6": {
  "bpc": [
   1.8342019736620756,
   1.8171208768834164
  ],
  "step": [
   4500,
   4750
  ]
 },
 "10000_lex-v3": {
  "bpc": [
   1.8293882599789968,
   1.8255131027147242
  ],
  "step": [
   5000,
   4750
  ]
 },
 "40000_bpe": {
  "bpc": [
   1.765610183942404,
   1.776432435594743
  ],
  "step": [
   5000,
   5000
  ]
 },
 "40000_lex-v6": {
  "bpc": [
   1.697723176088677,
   1.6807269375659861
  ],
  "step": [
   5000,
   5000
  ]
 },
 "40000_lex-v3": {
  "bpc": [
   1.6855041176150878,
   1.6957819558020246
  ],
  "step": [
   5000,
   5000
  ]
 },
 "160000_bpe": {
  "bpc": [
   1.727546386315657,
   1.7516687016231036
  ],
  "step": [
   5000,
   5000
  ]
 },
 "160000_lex-v6": {
  "bpc": [
   1.674924525921819,
   1.65473468321465
  ],
  "step": [
   5000,
   5000
  ]
 },
 "160000_lex-v3": {
  "bpc": [
   1.6607918369651535,
   1.6671417486993998
  ],
  "step": [
   5000,
   5000
  ]
 }
}