{
 "10000_bpe": [
  2.962183174998574,
  2.962682488833425,
  2.9326723375362804
 ],
 "10000_lex-v6": [
  2.699972237570112,
  2.6556254582920347,
  2.6525938076550455
 ],
 "10000_lex-v3": [
  2.743256185557936,
  2.7379218633831766,
  2.7068994588365105
 ],
 "40000_bpe": [
  1.9654379870292638,
  1.9582452659111966,
  1.9540785120544033
 ],
 "40000_lex-v6": [
  1.9388485386037404,
  1.9445854653823873,
  1.9509734046548353
 ],
 "40000_lex-v3": [
  2.0253767837862777,
  2.0293305384208735,
  2.0495280268834613
 ],
 "160000_bpe": [
  1.7329001803364503,
  1.7447499589574171,
  1.7282555943552262
 ],
 "160000_lex-v6": [
  1.6164255874038296,
  1.6154013670522127,
  1.6229495614002114
 ],
 "160000_lex-v3": [
  1.6531307745285317,
  1.6583864947648208,
  1.6552152079009874
 ]
}