{
 "10000_free": [
  2.0220103114291996,
  2.031415411898211,
  2.021128744445187
 ],
 "10000_infl": [
  2.024673281121658,
  2.021351626853029,
  2.0145539668858774
 ],
 "10000_deriv-tr": [
  2.0448861993416303,
  2.0416065364402844,
  2.0455627144767683
 ],
 "10000_deriv-aff": [
  2.0233584163957032,
  2.022559904692238,
  2.0104005210024853
 ],
 "10000_shufroot": [
  2.0272271552934793,
  2.033319420301298,
  2.0246636560363087
 ],
 "40000_free": [
  1.7282661650469675,
  1.7357856559252811,
  1.7172272387376712
 ],
 "40000_infl": [
  1.7257225708884918,
  1.7155318257430334,
  1.7019661411803664
 ],
 "40000_deriv-tr": [
  1.7659029760670337,
  1.737320094999494,
  1.7490817694557481
 ],
 "40000_deriv-aff": [
  1.7119250709068763,
  1.7166806689867564,
  1.7131180911357065
 ],
 "40000_shufroot": [
  1.739089243654095,
  1.744760182229571,
  1.7494783908692313
 ]
}