{
 "L2_bpe": [
  1.9320613683038308,
  1.92809564163835,
  1.9215864260019848
 ],
 "L2_lex-v4": [
  1.9250740577543788,
  1.9305924297230088,
  1.941174856913094
 ],
 "L2_lex-v6": [
  1.9153786033489957,
  1.9014386942754167,
  1.9207602425087293
 ],
 "L4_bpe": [
  1.8398657439736905,
  1.8303390837954445,
  1.834868811538819
 ],
 "L4_lex-v4": [
  1.7968546881810195,
  1.811164858297072,
  1.804511054081853
 ],
 "L4_lex-v6": [
  1.7899247415341852,
  1.803111960542476,
  1.8713683124433098
 ],
 "L8_bpe": [
  1.6740218544601417,
  1.6725286822210832,
  1.675737006777831
 ],
 "L8_lex-v6": [
  1.6090797350319266,
  1.6100253275989793,
  1.6163351695929669
 ]
}