{
 "10000_bpe": [
  2.1470297179577074,
  2.1396256256809263,
  2.1434908003422533
 ],
 "10000_free": [
  2.022010324171925,
  2.031367253292293,
  2.0211286976817893
 ],
 "10000_translate": [
  2.039375848197315,
  2.033992818637947,
  2.033836127836023
 ],
 "10000_affine": [
  2.0142500299255803,
  2.016306041731096,
  2.0114209216620744
 ],
 "10000_shufroot": [
  2.02215519345138,
  2.0185881566081765,
  2.022668265342308
 ],
 "40000_bpe": [
  1.7824708750902987,
  1.8021699370204476,
  1.786808794523286
 ],
 "40000_free": [
  1.7282668984749607,
  1.735878239157951,
  1.7170889546822865
 ],
 "40000_translate": [
  1.7389210036152958,
  1.7427983413281738,
  1.7234284652270813
 ],
 "40000_affine": [
  1.711426412601094,
  1.720981004472641,
  1.7159924890887137
 ],
 "40000_shufroot": [
  1.7377320738012993,
  1.7341698826799423,
  1.7325632429633122
 ]
}