{
 "10000_bpe": [
  2.991289379960435,
  2.984646072505107,
  2.9341794701522343
 ],
 "10000_rand": [
  2.7166761554490106,
  2.6693950484593683,
  2.646546076548858
 ],
 "10000_rand02": [
  2.3090404855727336,
  2.308952747340624,
  2.3090436048957255
 ],
 "10000_proto": [
  2.3088508716558223,
  2.3087434524046397,
  2.3088012639856466
 ],
 "10000_shuf": [
  2.308958902076963,
  2.3089988464336133,
  2.3091372076666365
 ],
 "10000_frozen": [
  3.151743928538927,
  3.1517123104713565,
  3.151828757823227
 ],
 "40000_bpe": [
  1.9639315131881667,
  1.959151050324503,
  1.953016675177584
 ],
 "40000_rand": [
  1.9383438496228698,
  1.9448628543170123,
  1.9521727138994784
 ],
 "40000_rand02": [
  1.883800764081653,
  1.9115524697533923,
  1.8754832833505406
 ],
 "40000_proto": [
  1.8576899767789936,
  1.8698791279559965,
  1.8783741439429715
 ],
 "40000_shuf": [
  1.885712980002002,
  1.8841616827830228,
  1.8838366301651226
 ],
 "40000_frozen": [
  2.869392912712821,
  2.8930053770334907,
  2.8846092020392566
 ]
}