{
 "bpe": [
  1.7485347174047003,
  1.757480258456775,
  1.7461182444337835
 ],
 "lex-v1": [
  1.687091412912937,
  1.726014915334733,
  1.7102210641461406
 ],
 "lex-v2": [
  1.7315704943783532,
  1.7412311302484609,
  1.7289469748411879
 ],
 "lex-v2-lean": [
  1.7300531606096927,
  1.7437659580129747,
  1.7544731892582517
 ],
 "lex-v3": [
  1.7295020271598902,
  1.763628328306788,
  1.756095668783551
 ],
 "lex-v4": [
  1.6741677992977433,
  1.6795507112874382,
  1.6774915642906316
 ],
 "lex-v4_tokens": 1.2285305258822987,
 "lex-v5": [
  1.6866691614308638,
  1.707399649363166,
  1.702831779397062
 ],
 "lex-v5_tokens": 1.2254598380572848,
 "lex-v6": [
  1.6689299472475256,
  1.674929021940005,
  1.6902890078545205
 ],
 "lex-v6_tokens": 1.1985137520809637
}