{
 "L4_d256": {
  "bpe": 1.8378862380485412,
  "lexeme": 1.8361519810195646
 },
 "L6_d384": {
  "bpe": 1.7482504887521422,
  "lexeme": 1.6765490088199275
 },
 "L8_d512": {
  "bpe": 1.669612208510291,
  "lexeme": 1.6228379645787623
 }
}