{
 "L6_bpe": [
  1.554701596496724,
  1.5580785294291624
 ],
 "L6_lex-v6": [
  1.5016798093947499,
  1.5000216930348227
 ],
 "L8_bpe": [
  1.4884695127097978,
  1.4900449678519476
 ],
 "L8_lex-v6": [
  1.4267267945645898,
  1.4391020466333857
 ]
}