{
 "L6_d384": {
  "bpe": 1.7470316673896447,
  "lexeme-lean": 1.6965184753488571
 },
 "L8_d512": {
  "bpe": 1.6723203445522865,
  "lexeme-lean": 1.6332817649822369
 }
}