{
 "L2_bpe": [
  1.9320613614516107,
  1.928095649692714,
  1.9215864192699788
 ],
 "L2_lex-v1": [
  1.9600119502910167,
  1.9548069858925423,
  1.9630119531674817
 ],
 "L2_lex-v3": [
  2.0328041415145983,
  2.0190725314007825,
  2.0545520820890038
 ],
 "L4_bpe": [
  1.8374960511102825,
  1.8316075204016244,
  1.8345408855565695
 ],
 "L4_lex-v1": [
  1.8271982049211322,
  1.8464458679477804,
  1.8403524857876359
 ],
 "L4_lex-v3": [
  1.8748050081565188,
  1.8784682478876746,
  1.8819351782412537
 ]
}