{
 "L6_bpe": [
  1.9465584294808622,
  1.9639482845381437
 ],
 "L6_lex-v6": [
  1.8384607360065401,
  1.8102926140592177
 ],
 "L8_bpe": [
  1.850992391204224,
  1.8585639911737408
 ],
 "L8_lex-v6": [
  1.7238300952529095,
  1.736296483052905
 ]
}